Loan_ID,Gender,Married,Dependents,Education,Self_Employed,ApplicantIncome,CoapplicantIncome,LoanAmount,Loan_Amount_Term,Credit_History,Property_Area,LoanAmount_Log,TotalIncome,TotalIncome_log,Status
LP001002,Male,No,0,Graduate,No,5849,0,146.4121622,360,1,Urban,4.986425673,5849,8.674025985,No
LP001003,Male,Yes,1,Graduate,No,4583,1508,128,360,1,Rural,4.852030264,6091,8.714567551,Yes
LP001005,Male,Yes,0,Graduate,Yes,3000,0,66,360,1,Urban,4.189654742,3000,8.006367568,No
LP001006,Male,Yes,0,Not Graduate,No,2583,2358,120,360,1,Urban,4.787491743,4941,8.505323019,No
LP001008,Male,No,0,Graduate,No,6000,0,141,360,1,Urban,4.94875989,6000,8.699514748,No
LP001011,Male,Yes,2,Graduate,Yes,5417,4196,267,360,1,Urban,5.587248658,9613,9.170871628,No
LP001013,Male,Yes,0,Not Graduate,No,2333,1516,95,360,1,Urban,4.553876892,3849,8.255568653,No
LP001014,Male,Yes,3+,Graduate,No,3036,2504,158,360,0,Semiurban,5.062595033,5540,8.61974978,Yes
LP001018,Male,Yes,2,Graduate,No,4006,1526,168,360,1,Urban,5.123963979,5532,8.618304693,No
LP001020,Male,Yes,1,Graduate,No,12841,10968,349,360,1,Semiurban,5.855071922,23809,10.07781894,Yes
LP001024,Male,Yes,2,Graduate,No,3200,700,70,360,1,Urban,4.248495242,3900,8.268731832,No
LP001027,Male,Yes,2,Graduate,No,2500,1840,109,360,1,Urban,4.691347882,4340,8.375629627,No
LP001028,Male,Yes,2,Graduate,No,3073,8106,200,360,1,Urban,5.298317367,11179,9.321792297,No
LP001029,Male,No,0,Graduate,No,1853,2840,114,360,1,Rural,4.736198448,4693,8.453827316,Yes
LP001030,Male,Yes,2,Graduate,No,1299,1086,17,120,1,Urban,2.833213344,2385,7.776954403,No
LP001032,Male,No,0,Graduate,No,4950,0,125,360,1,Urban,4.828313737,4950,8.507142856,No
LP001034,Male,No,1,Not Graduate,No,3596,0,100,240,1,Urban,4.605170186,3596,8.187577396,No
LP001036,Female,No,0,Graduate,No,3510,0,76,360,0,Urban,4.33073334,3510,8.163371316,Yes
LP001038,Male,Yes,0,Not Graduate,No,4887,0,133,360,1,Rural,4.890349128,4887,8.494333897,Yes
LP001041,Male,Yes,0,Graduate,No,2600,3500,115,360,1,Urban,4.744932128,6100,8.71604405,No
LP001043,Male,Yes,0,Not Graduate,No,7660,0,104,360,0,Urban,4.644390899,7660,8.943767263,Yes
LP001046,Male,Yes,1,Graduate,No,5955,5625,315,360,1,Urban,5.752572639,11580,9.357034751,No
LP001047,Male,Yes,0,Not Graduate,No,2600,1911,116,360,0,Semiurban,4.753590191,4511,8.414274137,Yes
LP001050,Male,Yes,2,Not Graduate,No,3365,1917,112,360,0,Rural,4.718498871,5282,8.572060093,Yes
LP001052,Male,Yes,1,Graduate,No,3717,2925,151,360,1,Semiurban,5.017279837,6642,8.801168402,Yes
LP001066,Male,Yes,0,Graduate,Yes,9560,0,191,360,1,Semiurban,5.252273428,9560,9.165343006,No
LP001068,Male,Yes,0,Graduate,No,2799,2253,122,360,1,Semiurban,4.804021045,5052,8.527539483,No
LP001073,Male,Yes,2,Not Graduate,No,4226,1040,110,360,1,Urban,4.700480366,5266,8.56902634,No
LP001086,Male,No,0,Not Graduate,No,1442,0,35,360,1,Urban,3.555348061,1442,7.273786318,Yes
LP001087,Female,No,2,Graduate,No,3750,2083,120,360,1,Semiurban,4.787491743,5833,8.671286727,No
LP001091,Male,Yes,1,Graduate,No,4166,3369,201,360,1,Urban,5.303304908,7535,8.927314111,Yes
LP001095,Male,No,0,Graduate,No,3167,0,74,360,1,Urban,4.304065093,3167,8.060540047,Yes
LP001097,Male,No,1,Graduate,Yes,4692,0,106,360,1,Rural,4.663439094,4692,8.45361421,Yes
LP001098,Male,Yes,0,Graduate,No,3500,1667,114,360,1,Semiurban,4.736198448,5167,8.550047528,No
LP001100,Male,No,3+,Graduate,No,12500,3000,320,360,1,Rural,5.768320996,15500,9.648595303,Yes
LP001106,Male,Yes,0,Graduate,No,2275,2067,146.4121622,360,1,Urban,4.986425673,4342,8.37609035,No
LP001109,Male,Yes,0,Graduate,No,1828,1330,100,360,0,Urban,4.605170186,3158,8.057694195,Yes
LP001112,Female,Yes,0,Graduate,No,3667,1459,144,360,1,Semiurban,4.9698133,5126,8.542080907,No
LP001114,Male,No,0,Graduate,No,4166,7210,184,360,1,Urban,5.214935758,11376,9.339261152,Yes
LP001116,Male,No,0,Not Graduate,No,3748,1668,110,360,1,Semiurban,4.700480366,5416,8.597112815,No
LP001119,Male,No,0,Graduate,No,3600,0,80,360,1,Urban,4.382026635,3600,8.188689124,Yes
LP001120,Male,No,0,Graduate,No,1800,1213,47,360,1,Urban,3.850147602,3013,8.010691539,No
LP001123,Male,Yes,0,Graduate,No,2400,0,75,360,1,Urban,4.317488114,2400,7.783224016,No
LP001131,Male,Yes,0,Graduate,No,3941,2336,134,360,1,Semiurban,4.8978398,6277,8.744647438,No
LP001136,Male,Yes,0,Not Graduate,Yes,4695,0,96,360,1,Urban,4.564348191,4695,8.454253392,No
LP001137,Female,No,0,Graduate,No,3410,0,88,360,1,Urban,4.477336814,3410,8.13446757,No
LP001138,Male,Yes,1,Graduate,No,5649,0,44,360,1,Urban,3.784189634,5649,8.639233817,No
LP001144,Male,Yes,0,Graduate,No,5821,0,144,360,1,Urban,4.9698133,5821,8.669227347,No
LP001146,Female,Yes,0,Graduate,No,2645,3440,120,360,0,Urban,4.787491743,6085,8.713582005,Yes
LP001151,Female,No,0,Graduate,No,4000,2275,144,360,1,Semiurban,4.9698133,6275,8.744328764,No
LP001155,Female,Yes,0,Not Graduate,No,1928,1644,100,360,1,Semiurban,4.605170186,3572,8.180880942,No
LP001157,Female,No,0,Graduate,No,3086,0,120,360,1,Semiurban,4.787491743,3086,8.034631033,No
LP001164,Female,No,0,Graduate,No,4230,0,112,360,1,Semiurban,4.718498871,4230,8.349957272,Yes
LP001179,Male,Yes,2,Graduate,No,4616,0,134,360,1,Urban,4.8978398,4616,8.437283808,Yes
LP001186,Female,Yes,1,Graduate,Yes,11500,0,286,360,0,Urban,5.655991811,11500,9.350102314,Yes
LP001194,Male,Yes,2,Graduate,No,2708,1167,97,360,1,Semiurban,4.574710979,3875,8.262300942,No
LP001195,Male,Yes,0,Graduate,No,2132,1591,96,360,1,Semiurban,4.564348191,3723,8.222285074,No
LP001197,Male,Yes,0,Graduate,No,3366,2200,135,360,1,Rural,4.905274778,5566,8.624431942,Yes
LP001198,Male,Yes,1,Graduate,No,8080,2250,180,360,1,Urban,5.192956851,10330,9.242807562,No
LP001199,Male,Yes,2,Not Graduate,No,3357,2859,144,360,1,Urban,4.9698133,6216,8.734881892,No
LP001205,Male,Yes,0,Graduate,No,2500,3796,120,360,1,Urban,4.787491743,6296,8.74766979,No
LP001206,Male,Yes,3+,Graduate,No,3029,0,99,360,1,Urban,4.59511985,3029,8.015987811,No
LP001207,Male,Yes,0,Not Graduate,Yes,2609,3449,165,180,0,Rural,5.105945474,6058,8.709134992,Yes
LP001213,Male,Yes,1,Graduate,No,4945,0,146.4121622,360,0,Rural,4.986425673,4945,8.506132244,Yes
LP001222,Female,No,0,Graduate,No,4166,0,116,360,0,Semiurban,4.753590191,4166,8.334711622,Yes
LP001225,Male,Yes,0,Graduate,No,5726,4595,258,360,1,Semiurban,5.552959585,10321,9.241935934,Yes
LP001228,Male,No,0,Not Graduate,No,3200,2254,126,180,0,Urban,4.836281907,5454,8.604104563,Yes
LP001233,Male,Yes,1,Graduate,No,10750,0,312,360,1,Urban,5.743003188,10750,9.282661034,No
LP001238,Male,Yes,3+,Not Graduate,Yes,7100,0,125,60,1,Urban,4.828313737,7100,8.867850063,No
LP001241,Female,No,0,Graduate,No,4300,0,136,360,0,Semiurban,4.912654886,4300,8.366370302,Yes
LP001243,Male,Yes,0,Graduate,No,3208,3066,172,360,1,Urban,5.147494477,6274,8.744169389,No
LP001245,Male,Yes,2,Not Graduate,Yes,1875,1875,97,360,1,Semiurban,4.574710979,3750,8.229511119,No
LP001248,Male,No,0,Graduate,No,3500,0,81,300,1,Semiurban,4.394449155,3500,8.160518247,No
LP001250,Male,Yes,3+,Not Graduate,No,4755,0,95,360,0,Semiurban,4.553876892,4755,8.466951975,Yes
LP001253,Male,Yes,3+,Graduate,Yes,5266,1774,187,360,1,Semiurban,5.231108617,7040,8.859363449,No
LP001255,Male,No,0,Graduate,No,3750,0,113,480,1,Urban,4.727387819,3750,8.229511119,Yes
LP001256,Male,No,0,Graduate,No,3750,4750,176,360,1,Urban,5.170483995,8500,9.047821442,Yes
LP001259,Male,Yes,1,Graduate,Yes,1000,3022,110,360,1,Urban,4.700480366,4022,8.29953457,Yes
LP001263,Male,Yes,3+,Graduate,No,3167,4000,180,300,0,Semiurban,5.192956851,7167,8.877242436,Yes
LP001264,Male,Yes,3+,Not Graduate,Yes,3333,2166,130,360,1,Semiurban,4.86753445,5499,8.612321537,No
LP001265,Female,No,0,Graduate,No,3846,0,111,360,1,Semiurban,4.709530201,3846,8.254788926,No
LP001266,Male,Yes,1,Graduate,Yes,2395,0,146.4121622,360,1,Semiurban,4.986425673,2395,7.78113851,No
LP001267,Female,Yes,2,Graduate,No,1378,1881,167,360,1,Urban,5.117993812,3259,8.089175679,No
LP001273,Male,Yes,0,Graduate,No,6000,2250,265,360,1,Semiurban,5.579729826,8250,9.017968479,Yes
LP001275,Male,Yes,1,Graduate,No,3988,0,50,240,1,Urban,3.912023005,3988,8.291045131,No
LP001279,Male,No,0,Graduate,No,2366,2531,136,360,1,Semiurban,4.912654886,4897,8.496378052,No
LP001280,Male,Yes,2,Not Graduate,No,3333,2000,99,360,1,Semiurban,4.59511985,5333,8.581669211,No
LP001282,Male,Yes,0,Graduate,No,2500,2118,104,360,1,Semiurban,4.644390899,4618,8.43771699,No
LP001289,Male,No,0,Graduate,No,8566,0,210,360,1,Urban,5.347107531,8566,9.055556158,No
LP001310,Male,Yes,0,Graduate,No,5695,4167,175,360,1,Semiurban,5.164785974,9862,9.196444267,No
LP001316,Male,Yes,0,Graduate,No,2958,2900,131,360,1,Semiurban,4.875197323,5858,8.675563527,No
LP001318,Male,Yes,2,Graduate,No,6250,5654,188,180,1,Semiurban,5.236441963,11904,9.384629757,No
LP001319,Male,Yes,2,Not Graduate,No,3273,1820,81,360,1,Urban,4.394449155,5093,8.535622327,No
LP001322,Male,No,0,Graduate,No,4133,0,122,360,1,Semiurban,4.804021045,4133,8.326758815,No
LP001325,Male,No,0,Not Graduate,No,3620,0,25,120,1,Semiurban,3.218875825,3620,8.194229305,No
LP001326,Male,No,0,Graduate,No,6782,0,146.4121622,360,1,Urban,4.986425673,6782,8.822027323,Yes
LP001327,Female,Yes,0,Graduate,No,2484,2302,137,360,1,Semiurban,4.919980926,4786,8.473450268,No
LP001333,Male,Yes,0,Graduate,No,1977,997,50,360,1,Semiurban,3.912023005,2974,7.997663127,No
LP001334,Male,Yes,0,Not Graduate,No,4188,0,115,180,1,Semiurban,4.744932128,4188,8.339978572,No
LP001343,Male,Yes,0,Graduate,No,1759,3541,131,360,1,Semiurban,4.875197323,5300,8.5754621,No
LP001345,Male,Yes,2,Not Graduate,No,4288,3263,133,180,1,Urban,4.890349128,7551,8.929435284,No
LP001349,Male,No,0,Graduate,No,4843,3806,151,360,1,Semiurban,5.017279837,8649,9.065198986,No
LP001350,Male,Yes,0,Graduate,No,13650,0,146.4121622,360,1,Urban,4.986425673,13650,9.521494801,No
LP001356,Male,Yes,0,Graduate,No,4652,3583,146.4121622,360,1,Semiurban,4.986425673,8235,9.016148643,No
LP001357,Male,Yes,0,Graduate,No,3816,754,160,360,1,Urban,5.075173815,4570,8.427268484,No
LP001367,Male,Yes,1,Graduate,No,3052,1030,100,360,1,Urban,4.605170186,4082,8.314342343,No
LP001369,Male,Yes,2,Graduate,No,11417,1126,225,360,1,Urban,5.416100402,12543,9.43691802,No
LP001370,Male,No,0,Not Graduate,No,7333,0,120,360,1,Rural,4.787491743,7333,8.900139988,Yes
LP001379,Male,Yes,2,Graduate,No,3800,3600,216,360,0,Urban,5.375278408,7400,8.909235279,Yes
LP001384,Male,Yes,3+,Not Graduate,No,2071,754,94,480,1,Semiurban,4.543294782,2825,7.946263644,No
LP001385,Male,No,0,Graduate,No,5316,0,136,360,1,Urban,4.912654886,5316,8.57847642,No
LP001387,Female,Yes,0,Graduate,No,2929,2333,139,360,1,Semiurban,4.934473933,5262,8.568266462,No
LP001391,Male,Yes,0,Not Graduate,No,3572,4114,152,360,0,Rural,5.023880521,7686,8.947155771,Yes
LP001392,Female,No,1,Graduate,Yes,7451,0,146.4121622,360,1,Semiurban,4.986425673,7451,8.916103531,Yes
LP001398,Male,No,0,Graduate,No,5050,0,118,360,1,Semiurban,4.770684624,5050,8.527143522,No
LP001401,Male,Yes,1,Graduate,No,14583,0,185,180,1,Rural,5.220355825,14583,9.587611746,No
LP001404,Female,Yes,0,Graduate,No,3167,2283,154,360,1,Semiurban,5.036952602,5450,8.603370888,No
LP001405,Male,Yes,1,Graduate,No,2214,1398,85,360,1,Urban,4.442651256,3612,8.192016915,No
LP001421,Male,Yes,0,Graduate,No,5568,2142,175,360,1,Rural,5.164785974,7710,8.950273467,Yes
LP001422,Female,No,0,Graduate,No,10408,0,259,360,1,Urban,5.556828062,10408,9.25033002,No
LP001426,Male,Yes,0,Graduate,No,5667,2667,180,360,1,Rural,5.192956851,8334,9.028098812,No
LP001430,Female,No,0,Graduate,No,4166,0,44,360,1,Semiurban,3.784189634,4166,8.334711622,No
LP001431,Female,No,0,Graduate,No,2137,8980,137,360,0,Semiurban,4.919980926,11117,9.316230747,No
LP001432,Male,Yes,2,Graduate,No,2957,0,81,360,1,Semiurban,4.394449155,2957,7.99193052,No
LP001439,Male,Yes,0,Not Graduate,No,4300,2014,194,360,1,Rural,5.267858159,6314,8.750524669,No
LP001443,Female,No,0,Graduate,No,3692,0,93,360,1,Rural,4.532599493,3692,8.213923596,No
LP001448,Male,Yes,3+,Graduate,No,23803,0,370,360,1,Rural,5.913503006,23803,10.0775669,No
LP001449,Male,No,0,Graduate,No,3865,1640,146.4121622,360,1,Rural,4.986425673,5505,8.613412049,No
LP001451,Male,Yes,1,Graduate,Yes,10513,3850,160,180,0,Urban,5.075173815,14363,9.572410734,Yes
LP001465,Male,Yes,0,Graduate,No,6080,2569,182,360,1,Rural,5.204006687,8649,9.065198986,Yes
LP001469,Male,No,0,Graduate,Yes,20166,0,650,480,1,Urban,6.476972363,20166,9.911753297,No
LP001473,Male,No,0,Graduate,No,2014,1929,74,360,1,Urban,4.304065093,3943,8.279697134,No
LP001478,Male,No,0,Graduate,No,2718,0,70,360,1,Semiurban,4.248495242,2718,7.907651595,No
LP001482,Male,Yes,0,Graduate,Yes,3459,0,25,120,1,Semiurban,3.218875825,3459,8.148734809,No
LP001487,Male,No,0,Graduate,No,4895,0,102,360,1,Semiurban,4.624972813,4895,8.495969555,No
LP001488,Male,Yes,3+,Graduate,No,4000,7750,290,360,1,Semiurban,5.669880923,11750,9.37160852,Yes
LP001489,Female,Yes,0,Graduate,No,4583,0,84,360,1,Rural,4.430816799,4583,8.430109085,Yes
LP001491,Male,Yes,2,Graduate,Yes,3316,3500,88,360,1,Urban,4.477336814,6816,8.827028069,No
LP001492,Male,No,0,Graduate,No,14999,0,242,360,0,Semiurban,5.488937726,14999,9.615738811,Yes
LP001493,Male,Yes,2,Not Graduate,No,4200,1430,129,360,1,Rural,4.859812404,5630,8.635864721,Yes
LP001497,Male,Yes,2,Graduate,No,5042,2083,185,360,1,Rural,5.220355825,7125,8.871365005,Yes
LP001498,Male,No,0,Graduate,No,5417,0,168,360,1,Urban,5.123963979,5417,8.597297436,No
LP001504,Male,No,0,Graduate,Yes,6950,0,175,180,1,Semiurban,5.164785974,6950,8.846496939,No
LP001507,Male,Yes,0,Graduate,No,2698,2034,122,360,1,Semiurban,4.804021045,4732,8.462103225,No
LP001508,Male,Yes,2,Graduate,No,11757,0,187,180,1,Urban,5.231108617,11757,9.372204087,No
LP001514,Female,Yes,0,Graduate,No,2330,4486,100,360,1,Semiurban,4.605170186,6816,8.827028069,No
LP001516,Female,Yes,2,Graduate,No,14866,0,70,360,1,Urban,4.248495242,14866,9.606832005,No
LP001518,Male,Yes,1,Graduate,No,1538,1425,30,360,1,Urban,3.401197382,2963,7.993957548,No
LP001519,Female,No,0,Graduate,No,10000,1666,225,360,1,Rural,5.416100402,11666,9.364433907,Yes
LP001520,Male,Yes,0,Graduate,No,4860,830,125,360,1,Semiurban,4.828313737,5690,8.646465527,No
LP001528,Male,No,0,Graduate,No,6277,0,118,360,0,Rural,4.770684624,6277,8.744647438,Yes
LP001529,Male,Yes,0,Graduate,Yes,2577,3750,152,360,1,Rural,5.023880521,6327,8.752581469,No
LP001531,Male,No,0,Graduate,No,9166,0,244,360,1,Urban,5.497168225,9166,9.123256265,Yes
LP001532,Male,Yes,2,Not Graduate,No,2281,0,113,360,1,Rural,4.727387819,2281,7.732369222,Yes
LP001535,Male,No,0,Graduate,No,3254,0,50,360,1,Urban,3.912023005,3254,8.087640288,No
LP001536,Male,Yes,3+,Graduate,No,39999,0,600,180,0,Semiurban,6.396929655,39999,10.59660973,No
LP001541,Male,Yes,1,Graduate,No,6000,0,160,360,1,Rural,5.075173815,6000,8.699514748,No
LP001543,Male,Yes,1,Graduate,No,9538,0,187,360,1,Urban,5.231108617,9538,9.163039099,No
LP001546,Male,No,0,Graduate,No,2980,2083,120,360,1,Rural,4.787491743,5063,8.529714472,No
LP001552,Male,Yes,0,Graduate,No,4583,5625,255,360,1,Semiurban,5.541263545,10208,9.230927006,Yes
LP001560,Male,Yes,0,Not Graduate,No,1863,1041,98,360,1,Semiurban,4.584967479,2904,7.973844376,No
LP001562,Male,Yes,0,Graduate,No,7933,0,275,360,1,Urban,5.616771098,7933,8.978786553,Yes
LP001565,Male,Yes,1,Graduate,No,3089,1280,121,360,0,Semiurban,4.795790546,4369,8.382289429,Yes
LP001570,Male,Yes,2,Graduate,No,4167,1447,158,360,1,Rural,5.062595033,5614,8.633018757,No
LP001572,Male,Yes,0,Graduate,No,9323,0,75,180,1,Urban,4.317488114,9323,9.140239744,No
LP001574,Male,Yes,0,Graduate,No,3707,3166,182,360,1,Rural,5.204006687,6873,8.835355971,No
LP001577,Female,Yes,0,Graduate,No,4583,0,112,360,1,Rural,4.718498871,4583,8.430109085,Yes
LP001578,Male,Yes,0,Graduate,No,2439,3333,129,360,1,Rural,4.859812404,5772,8.66077392,No
LP001579,Male,No,0,Graduate,No,2237,0,63,480,0,Semiurban,4.143134726,2237,7.712890961,Yes
LP001580,Male,Yes,2,Graduate,No,8000,0,200,360,1,Semiurban,5.298317367,8000,8.987196821,No
LP001581,Male,Yes,0,Not Graduate,No,1820,1769,95,360,1,Rural,4.553876892,3589,8.185628891,No
LP001585,Male,Yes,3+,Graduate,No,51763,0,700,300,1,Urban,6.551080335,51763,10.85443089,No
LP001586,Male,Yes,3+,Not Graduate,No,3522,0,81,180,1,Rural,4.394449155,3522,8.166784289,Yes
LP001594,Male,Yes,0,Graduate,No,5708,5625,187,360,1,Semiurban,5.231108617,11333,9.335474103,No
LP001603,Male,Yes,0,Not Graduate,Yes,4344,736,87,360,1,Semiurban,4.465908119,5080,8.533066541,Yes
LP001606,Male,Yes,0,Graduate,No,3497,1964,116,360,1,Rural,4.753590191,5461,8.605387202,No
LP001608,Male,Yes,2,Graduate,No,2045,1619,101,360,1,Rural,4.615120517,3664,8.206310726,No
LP001610,Male,Yes,3+,Graduate,No,5516,11300,495,360,0,Semiurban,6.204557763,16816,9.730086093,Yes
LP001616,Male,Yes,1,Graduate,No,3750,0,116,360,1,Semiurban,4.753590191,3750,8.229511119,No
LP001630,Male,No,0,Not Graduate,No,2333,1451,102,480,0,Urban,4.624972813,3784,8.23853693,Yes
LP001633,Male,Yes,1,Graduate,No,6400,7250,180,360,0,Urban,5.192956851,13650,9.521494801,Yes
LP001634,Male,No,0,Graduate,No,1916,5063,67,360,1,Rural,4.204692619,6979,8.850660919,Yes
LP001636,Male,Yes,0,Graduate,No,4600,0,73,180,1,Semiurban,4.290459441,4600,8.433811582,No
LP001637,Male,Yes,1,Graduate,No,33846,0,260,360,1,Semiurban,5.560681631,33846,10.4295761,Yes
LP001639,Female,Yes,0,Graduate,No,3625,0,108,360,1,Semiurban,4.682131227,3625,8.195609567,No
LP001640,Male,Yes,0,Graduate,Yes,39147,4750,120,360,1,Semiurban,4.787491743,43897,10.68960126,No
LP001641,Male,Yes,1,Graduate,Yes,2178,0,66,300,0,Rural,4.189654742,2178,7.686162303,Yes
LP001643,Male,Yes,0,Graduate,No,2383,2138,58,360,1,Rural,4.060443011,4521,8.416488487,No
LP001644,Male,Yes,0,Graduate,Yes,674,5296,168,360,1,Rural,5.123963979,5970,8.694502206,No
LP001647,Male,Yes,0,Graduate,No,9328,0,188,180,1,Rural,5.236441963,9328,9.140775909,No
LP001653,Male,No,0,Not Graduate,No,4885,0,48,360,1,Rural,3.871201011,4885,8.493924564,No
LP001656,Male,No,0,Graduate,No,12000,0,164,360,1,Semiurban,5.099866428,12000,9.392661929,Yes
LP001657,Male,Yes,0,Not Graduate,No,6033,0,160,360,1,Urban,5.075173815,6033,8.704999678,Yes
LP001658,Male,No,0,Graduate,No,3858,0,76,360,1,Semiurban,4.33073334,3858,8.257904193,No
LP001664,Male,No,0,Graduate,No,4191,0,120,360,1,Rural,4.787491743,4191,8.340694648,No
LP001665,Male,Yes,1,Graduate,No,3125,2583,170,360,1,Semiurban,5.135798437,5708,8.649623979,No
LP001666,Male,No,0,Graduate,No,8333,3750,187,360,1,Rural,5.231108617,12083,9.399554785,Yes
LP001669,Female,No,0,Not Graduate,No,1907,2365,120,360,1,Urban,4.787491743,4272,8.359837381,No
LP001671,Female,Yes,0,Graduate,No,3416,2816,113,360,1,Semiurban,4.727387819,6232,8.737452588,No
LP001673,Male,No,0,Graduate,Yes,11000,0,83,360,1,Urban,4.418840608,11000,9.305650552,Yes
LP001674,Male,Yes,1,Not Graduate,No,2600,2500,90,360,1,Semiurban,4.49980967,5100,8.536995819,No
LP001677,Male,No,2,Graduate,No,4923,0,166,360,0,Semiurban,5.111987788,4923,8.50167338,No
LP001682,Male,Yes,3+,Not Graduate,No,3992,0,146.4121622,180,1,Urban,4.986425673,3992,8.292047637,Yes
LP001688,Male,Yes,1,Not Graduate,No,3500,1083,135,360,1,Urban,4.905274778,4583,8.430109085,No
LP001691,Male,Yes,2,Not Graduate,No,3917,0,124,360,1,Semiurban,4.820281566,3917,8.273081334,No
LP001692,Female,No,0,Not Graduate,No,4408,0,120,360,1,Semiurban,4.787491743,4408,8.391176351,No
LP001693,Female,No,0,Graduate,No,3244,0,80,360,1,Urban,4.382026635,3244,8.084562415,No
LP001698,Male,No,0,Not Graduate,No,3975,2531,55,360,1,Rural,4.007333185,6506,8.780480107,No
LP001699,Male,No,0,Graduate,No,2479,0,59,360,1,Urban,4.077537444,2479,7.815610532,No
LP001702,Male,No,0,Graduate,No,3418,0,127,360,1,Semiurban,4.844187086,3418,8.136810864,Yes
LP001708,Female,No,0,Graduate,No,10000,0,214,360,1,Semiurban,5.365976015,10000,9.210340372,Yes
LP001711,Male,Yes,3+,Graduate,No,3430,1250,128,360,0,Semiurban,4.852030264,4680,8.451053389,Yes
LP001713,Male,Yes,1,Graduate,Yes,7787,0,240,360,1,Urban,5.480638923,7787,8.960210956,No
LP001715,Male,Yes,3+,Not Graduate,Yes,5703,0,130,360,1,Rural,4.86753445,5703,8.648747631,No
LP001716,Male,Yes,0,Graduate,No,3173,3021,137,360,1,Urban,4.919980926,6194,8.731336361,No
LP001720,Male,Yes,3+,Not Graduate,No,3850,983,100,360,1,Semiurban,4.605170186,4833,8.483222672,No
LP001722,Male,Yes,0,Graduate,No,150,1800,135,360,1,Rural,4.905274778,1950,7.575584652,Yes
LP001726,Male,Yes,0,Graduate,No,3727,1775,131,360,1,Semiurban,4.875197323,5502,8.612866941,No
LP001732,Male,Yes,2,Graduate,No,5000,0,72,360,0,Semiurban,4.276666119,5000,8.517193191,Yes
LP001734,Female,Yes,2,Graduate,No,4283,2383,127,360,1,Semiurban,4.844187086,6666,8.804775259,No
LP001736,Male,Yes,0,Graduate,No,2221,0,60,360,0,Urban,4.094344562,2221,7.705712824,Yes
LP001743,Male,Yes,2,Graduate,No,4009,1717,116,360,1,Semiurban,4.753590191,5726,8.652772486,No
LP001744,Male,No,0,Graduate,No,2971,2791,144,360,1,Semiurban,4.9698133,5762,8.659039916,No
LP001749,Male,Yes,0,Graduate,No,7578,1010,175,360,1,Semiurban,5.164785974,8588,9.058121159,No
LP001750,Male,Yes,0,Graduate,No,6250,0,128,360,1,Semiurban,4.852030264,6250,8.740336743,No
LP001751,Male,Yes,0,Graduate,No,3250,0,170,360,1,Rural,5.135798437,3250,8.086410275,Yes
LP001754,Male,Yes,0,Not Graduate,Yes,4735,0,138,360,1,Urban,4.927253685,4735,8.462737006,Yes
LP001758,Male,Yes,2,Graduate,No,6250,1695,210,360,1,Semiurban,5.347107531,7945,8.980298079,No
LP001760,Male,Yes,0,Graduate,No,4758,0,158,480,1,Semiurban,5.062595033,4758,8.467582691,No
LP001761,Male,No,0,Graduate,Yes,6400,0,200,360,1,Rural,5.298317367,6400,8.764053269,No
LP001765,Male,Yes,1,Graduate,No,2491,2054,104,360,1,Semiurban,4.644390899,4545,8.421783007,No
LP001768,Male,Yes,0,Graduate,No,3716,0,42,180,1,Rural,3.737669618,3716,8.2204031,No
LP001770,Male,No,0,Not Graduate,No,3189,2598,120,360,1,Rural,4.787491743,5787,8.663369302,No
LP001776,Female,No,0,Graduate,No,8333,0,280,360,1,Semiurban,5.634789603,8333,9.027978814,No
LP001778,Male,Yes,1,Graduate,No,3155,1779,140,360,1,Semiurban,4.941642423,4934,8.503905297,No
LP001784,Male,Yes,1,Graduate,No,5500,1260,170,360,1,Rural,5.135798437,6760,8.818778169,No
LP001786,Male,Yes,0,Graduate,No,5746,0,255,360,1,Urban,5.541263545,5746,8.65625924,Yes
LP001788,Female,No,0,Graduate,Yes,3463,0,122,360,1,Urban,4.804021045,3463,8.149890544,No
LP001790,Female,No,1,Graduate,No,3812,0,112,360,1,Rural,4.718498871,3812,8.245909265,No
LP001792,Male,Yes,1,Graduate,No,3315,0,96,360,1,Semiurban,4.564348191,3315,8.106212903,No
LP001798,Male,Yes,2,Graduate,No,5819,5000,120,360,1,Rural,4.787491743,10819,9.289059127,No
LP001800,Male,Yes,1,Not Graduate,No,2510,1983,140,180,1,Urban,4.941642423,4493,8.410275909,Yes
LP001806,Male,No,0,Graduate,No,2965,5701,155,60,1,Urban,5.043425117,8666,9.067162602,No
LP001807,Male,Yes,2,Graduate,Yes,6250,1300,108,360,1,Rural,4.682131227,7550,8.929302842,No
LP001811,Male,Yes,0,Not Graduate,No,3406,4417,123,360,1,Semiurban,4.812184355,7823,8.964823392,No
LP001813,Male,No,0,Graduate,Yes,6050,4333,120,180,1,Urban,4.787491743,10383,9.247925132,Yes
LP001814,Male,Yes,2,Graduate,No,9703,0,112,360,1,Urban,4.718498871,9703,9.180190395,No
LP001819,Male,Yes,1,Not Graduate,No,6608,0,137,180,1,Urban,4.919980926,6608,8.796036315,No
LP001824,Male,Yes,1,Graduate,No,2882,1843,123,480,1,Semiurban,4.812184355,4725,8.46062284,No
LP001825,Male,Yes,0,Graduate,No,1809,1868,90,360,1,Urban,4.49980967,3677,8.209852481,No
LP001835,Male,Yes,0,Not Graduate,No,1668,3890,201,360,0,Semiurban,5.303304908,5558,8.62299361,Yes
LP001836,Female,No,2,Graduate,No,3427,0,138,360,1,Urban,4.927253685,3427,8.139440522,Yes
LP001841,Male,No,0,Not Graduate,Yes,2583,2167,104,360,1,Rural,4.644390899,4750,8.465899897,No
LP001843,Male,Yes,1,Not Graduate,No,2661,7101,279,180,1,Semiurban,5.631211782,9762,9.186252576,No
LP001844,Male,No,0,Graduate,Yes,16250,0,192,360,0,Urban,5.257495372,16250,9.695848188,Yes
LP001846,Female,No,3+,Graduate,No,3083,0,255,360,1,Rural,5.541263545,3083,8.033658428,No
LP001849,Male,No,0,Not Graduate,No,6045,0,115,360,0,Rural,4.744932128,6045,8.706986763,Yes
LP001854,Male,Yes,3+,Graduate,No,5250,0,94,360,1,Urban,4.543294782,5250,8.565983356,Yes
LP001859,Male,Yes,0,Graduate,No,14683,2100,304,360,1,Rural,5.717027701,16783,9.728121748,Yes
LP001864,Male,Yes,3+,Not Graduate,No,4931,0,128,360,1,Semiurban,4.852030264,4931,8.503297086,Yes
LP001865,Male,Yes,1,Graduate,No,6083,4250,330,360,1,Urban,5.799092654,10333,9.243097936,No
LP001868,Male,No,0,Graduate,No,2060,2209,134,360,1,Semiurban,4.8978398,4269,8.359134887,No
LP001870,Female,No,1,Graduate,No,3481,0,155,36,1,Semiurban,5.043425117,3481,8.155074888,Yes
LP001871,Female,No,0,Graduate,No,7200,0,120,360,1,Rural,4.787491743,7200,8.881836305,No
LP001872,Male,No,0,Graduate,Yes,5166,0,128,360,1,Semiurban,4.852030264,5166,8.549853974,No
LP001875,Male,No,0,Graduate,No,4095,3447,151,360,1,Rural,5.017279837,7542,8.928242678,Yes
LP001877,Male,Yes,2,Graduate,No,4708,1387,150,360,1,Semiurban,5.010635294,6095,8.715224042,No
LP001882,Male,Yes,3+,Graduate,No,4333,1811,160,360,0,Urban,5.075173815,6144,8.723231275,No
LP001883,Female,No,0,Graduate,No,3418,0,135,360,1,Rural,4.905274778,3418,8.136810864,Yes
LP001884,Female,No,1,Graduate,No,2876,1560,90,360,1,Urban,4.49980967,4436,8.397508348,No
LP001888,Female,No,0,Graduate,No,3237,0,30,360,1,Urban,3.401197382,3237,8.082402254,No
LP001891,Male,Yes,0,Graduate,No,11146,0,136,360,1,Urban,4.912654886,11146,9.318835968,No
LP001892,Male,No,0,Graduate,No,2833,1857,126,360,1,Rural,4.836281907,4690,8.453187861,No
LP001894,Male,Yes,0,Graduate,No,2620,2223,150,360,1,Semiurban,5.010635294,4843,8.485289642,No
LP001896,Male,Yes,2,Graduate,No,3900,0,90,360,1,Semiurban,4.49980967,3900,8.268731832,No
LP001900,Male,Yes,1,Graduate,No,2750,1842,115,360,1,Semiurban,4.744932128,4592,8.432070938,No
LP001903,Male,Yes,0,Graduate,No,3993,3274,207,360,1,Semiurban,5.332718793,7267,8.891098831,No
LP001904,Male,Yes,0,Graduate,No,3103,1300,80,360,1,Urban,4.382026635,4403,8.390041406,No
LP001907,Male,Yes,0,Graduate,No,14583,0,436,360,1,Semiurban,6.077642243,14583,9.587611746,No
LP001908,Female,Yes,0,Not Graduate,No,4100,0,124,360,1,Rural,4.820281566,4100,8.318742253,No
LP001910,Male,No,1,Not Graduate,Yes,4053,2426,158,360,0,Urban,5.062595033,6479,8.776321456,Yes
LP001914,Male,Yes,0,Graduate,No,3927,800,112,360,1,Semiurban,4.718498871,4727,8.461046031,No
LP001915,Male,Yes,2,Graduate,No,2301,985.7999878,78,180,1,Urban,4.356708827,3286.799988,8.097669722,No
LP001917,Female,No,0,Graduate,No,1811,1666,54,360,1,Urban,3.988984047,3477,8.153925132,No
LP001922,Male,Yes,0,Graduate,No,20667,0,146.4121622,360,1,Rural,4.986425673,20667,9.936293504,Yes
LP001924,Male,No,0,Graduate,No,3158,3053,89,360,1,Rural,4.48863637,6211,8.734077193,No
LP001925,Female,No,0,Graduate,Yes,2600,1717,99,300,1,Semiurban,4.59511985,4317,8.370315996,Yes
LP001926,Male,Yes,0,Graduate,No,3704,2000,120,360,1,Rural,4.787491743,5704,8.648922962,No
LP001931,Female,No,0,Graduate,No,4124,0,115,360,1,Semiurban,4.744932128,4124,8.324578845,No
LP001935,Male,No,0,Graduate,No,9508,0,187,360,1,Rural,5.231108617,9508,9.159888828,No
LP001936,Male,Yes,0,Graduate,No,3075,2416,139,360,1,Rural,4.934473933,5491,8.610865667,No
LP001938,Male,Yes,2,Graduate,No,4400,0,127,360,0,Semiurban,4.844187086,4400,8.38935982,Yes
LP001940,Male,Yes,2,Graduate,No,3153,1560,134,360,1,Urban,4.8978398,4713,8.458079927,No
LP001945,Female,No,0,Graduate,No,5417,0,143,480,0,Urban,4.96284463,5417,8.597297436,Yes
LP001947,Male,Yes,0,Graduate,No,2383,3334,172,360,1,Semiurban,5.147494477,5717,8.651199471,No
LP001949,Male,Yes,3+,Graduate,No,4416,1250,110,360,1,Urban,4.700480366,5666,8.64223868,No
LP001953,Male,Yes,1,Graduate,No,6875,0,200,360,1,Semiurban,5.298317367,6875,8.835646923,No
LP001954,Female,Yes,1,Graduate,No,4666,0,135,360,1,Urban,4.905274778,4666,8.448057453,No
LP001955,Female,No,0,Graduate,No,5000,2541,151,480,1,Rural,5.017279837,7541,8.928110078,Yes
LP001963,Male,Yes,1,Graduate,No,2014,2925,113,360,1,Urban,4.727387819,4939,8.504918161,Yes
LP001964,Male,Yes,0,Not Graduate,No,1800,2934,93,360,0,Urban,4.532599493,4734,8.46252579,Yes
LP001972,Male,Yes,0,Not Graduate,No,2875,1750,105,360,1,Semiurban,4.65396035,4625,8.43923165,No
LP001974,Female,No,0,Graduate,No,5000,0,132,360,1,Rural,4.882801923,5000,8.517193191,No
LP001977,Male,Yes,1,Graduate,No,1625,1803,96,360,1,Urban,4.564348191,3428,8.13973228,No
LP001978,Male,No,0,Graduate,No,4000,2500,140,360,1,Rural,4.941642423,6500,8.779557456,No
LP001990,Male,No,0,Not Graduate,No,2000,0,146.4121622,360,1,Urban,4.986425673,2000,7.60090246,Yes
LP001993,Female,No,0,Graduate,No,3762,1666,135,360,1,Rural,4.905274778,5428,8.599326021,No
LP001994,Female,No,0,Graduate,No,2400,1863,104,360,0,Urban,4.644390899,4263,8.357728417,Yes
LP001996,Male,No,0,Graduate,No,20233,0,480,360,1,Rural,6.173786104,20233,9.915070214,No
LP001998,Male,Yes,2,Not Graduate,No,7667,0,185,360,1,Rural,5.220355825,7667,8.944680684,No
LP002002,Female,No,0,Graduate,No,2917,0,84,360,1,Semiurban,4.430816799,2917,7.97831097,No
LP002004,Male,No,0,Not Graduate,No,2927,2405,111,360,1,Semiurban,4.709530201,5332,8.581481681,No
LP002006,Female,No,0,Graduate,No,2507,0,56,360,1,Rural,4.025351691,2507,7.826842098,No
LP002008,Male,Yes,2,Graduate,Yes,5746,0,144,84,1,Rural,4.9698133,5746,8.65625924,No
LP002024,Male,Yes,0,Graduate,No,2473,1843,159,360,1,Rural,5.068904202,4316,8.370084326,No
LP002031,Male,Yes,1,Not Graduate,No,3399,1640,111,180,1,Urban,4.709530201,5039,8.524962929,No
LP002035,Male,Yes,2,Graduate,No,3717,0,120,360,1,Semiurban,4.787491743,3717,8.22067217,No
LP002036,Male,Yes,0,Graduate,No,2058,2134,88,360,1,Urban,4.477336814,4192,8.340933226,No
LP002043,Female,No,1,Graduate,No,3541,0,112,360,1,Semiurban,4.718498871,3541,8.172164452,No
LP002050,Male,Yes,1,Graduate,Yes,10000,0,155,360,1,Rural,5.043425117,10000,9.210340372,Yes
LP002051,Male,Yes,0,Graduate,No,2400,2167,115,360,1,Semiurban,4.744932128,4567,8.426611813,No
LP002053,Male,Yes,3+,Graduate,No,4342,189,124,360,1,Semiurban,4.820281566,4531,8.418697945,No
LP002054,Male,Yes,2,Not Graduate,No,3601,1590,146.4121622,360,1,Rural,4.986425673,5191,8.554681636,No
LP002055,Female,No,0,Graduate,No,3166,2985,132,360,1,Rural,4.882801923,6151,8.724369949,No
LP002065,Male,Yes,3+,Graduate,No,15000,0,300,360,1,Rural,5.703782475,15000,9.61580548,No
LP002067,Male,Yes,1,Graduate,Yes,8666,4983,376,360,0,Rural,5.929589143,13649,9.521421538,Yes
LP002068,Male,No,0,Graduate,No,4917,0,130,360,0,Rural,4.86753445,4917,8.500453867,No
LP002082,Male,Yes,0,Graduate,Yes,5818,2160,184,360,1,Semiurban,5.214935758,7978,8.984443032,No
LP002086,Female,Yes,0,Graduate,No,4333,2451,110,360,1,Urban,4.700480366,6784,8.822322177,Yes
LP002087,Female,No,0,Graduate,No,2500,0,67,360,1,Urban,4.204692619,2500,7.824046011,No
LP002097,Male,No,1,Graduate,No,4384,1793,117,360,1,Urban,4.762173935,6177,8.728587996,No
LP002098,Male,No,0,Graduate,No,2935,0,98,360,1,Semiurban,4.584967479,2935,7.984462732,No
LP002100,Male,No,0,Graduate,No,2833,0,71,360,1,Urban,4.262679877,2833,7.9490915,No
LP002101,Male,Yes,0,Graduate,No,63337,0,490,180,1,Urban,6.194405391,63337,11.05622496,No
LP002103,Male,Yes,1,Graduate,Yes,9833,1833,182,180,1,Urban,5.204006687,11666,9.364433907,No
LP002106,Male,Yes,0,Graduate,Yes,5503,4490,70,360,1,Semiurban,4.248495242,9993,9.209640127,No
LP002110,Male,Yes,1,Graduate,No,5250,688,160,360,1,Rural,5.075173815,5938,8.689127655,No
LP002112,Male,Yes,2,Graduate,Yes,2500,4600,176,360,1,Rural,5.170483995,7100,8.867850063,No
LP002113,Female,No,3+,Not Graduate,No,1830,0,146.4121622,360,0,Urban,4.986425673,1830,7.512071246,Yes
LP002114,Female,No,0,Graduate,No,4160,0,71,360,1,Semiurban,4.262679877,4160,8.333270353,No
LP002115,Male,Yes,3+,Not Graduate,No,2647,1587,173,360,1,Rural,5.153291594,4234,8.350902452,Yes
LP002116,Female,No,0,Graduate,No,2378,0,46,360,1,Rural,3.828641396,2378,7.774015077,Yes
LP002119,Male,Yes,1,Not Graduate,No,4554,1229,158,360,1,Urban,5.062595033,5783,8.662677858,No
LP002126,Male,Yes,3+,Not Graduate,No,3173,0,74,360,1,Semiurban,4.304065093,3173,8.062432792,Yes
LP002128,Male,Yes,2,Graduate,No,2583,2330,125,360,1,Rural,4.828313737,4913,8.499640032,No
LP002129,Male,Yes,0,Graduate,No,2499,2458,160,360,1,Semiurban,5.075173815,4957,8.508555998,No
LP002130,Male,Yes,0,Not Graduate,No,3523,3230,152,360,0,Rural,5.023880521,6753,8.81774213,Yes
LP002131,Male,Yes,2,Not Graduate,No,3083,2168,126,360,1,Urban,4.836281907,5251,8.566173814,No
LP002137,Male,Yes,0,Graduate,No,6333,4583,259,360,1,Semiurban,5.556828062,10916,9.297984882,No
LP002138,Male,Yes,0,Graduate,No,2625,6250,187,360,1,Rural,5.231108617,8875,9.090993614,No
LP002139,Male,Yes,0,Graduate,No,9083,0,228,360,1,Semiurban,5.429345629,9083,9.114159814,No
LP002140,Male,No,0,Graduate,No,8750,4167,308,360,1,Rural,5.730099783,12917,9.466299552,Yes
LP002141,Male,Yes,3+,Graduate,No,2666,2083,95,360,1,Rural,4.553876892,4749,8.465689349,No
LP002142,Female,Yes,0,Graduate,Yes,5500,0,105,360,0,Rural,4.65396035,5500,8.612503371,Yes
LP002143,Female,Yes,0,Graduate,No,2423,505,130,360,1,Semiurban,4.86753445,2928,7.982074875,No
LP002144,Female,No,0,Graduate,No,3813,0,116,180,1,Urban,4.753590191,3813,8.24617156,No
LP002149,Male,Yes,2,Graduate,No,8333,3167,165,360,1,Rural,5.105945474,11500,9.350102314,No
LP002151,Male,Yes,1,Graduate,No,3875,0,67,360,1,Urban,4.204692619,3875,8.262300942,Yes
LP002158,Male,Yes,0,Not Graduate,No,3000,1666,100,480,0,Urban,4.605170186,4666,8.448057453,Yes
LP002160,Male,Yes,3+,Graduate,No,5167,3167,200,360,1,Semiurban,5.298317367,8334,9.028098812,No
LP002161,Female,No,1,Graduate,No,4723,0,81,360,1,Semiurban,4.394449155,4723,8.46019947,No
LP002170,Male,Yes,2,Graduate,No,5000,3667,236,360,1,Semiurban,5.463831805,8667,9.067277989,No
LP002175,Male,Yes,0,Graduate,No,4750,2333,130,360,1,Urban,4.86753445,7083,8.865452826,No
LP002178,Male,Yes,0,Graduate,No,3013,3033,95,300,1,Urban,4.553876892,6046,8.707152175,No
LP002180,Male,No,0,Graduate,Yes,6822,0,141,360,1,Rural,4.94875989,6822,8.827907963,No
LP002181,Male,No,0,Not Graduate,No,6216,0,133,360,1,Rural,4.890349128,6216,8.734881892,Yes
LP002187,Male,No,0,Graduate,No,2500,0,96,480,1,Semiurban,4.564348191,2500,7.824046011,Yes
LP002188,Male,No,0,Graduate,No,5124,0,124,360,0,Rural,4.820281566,5124,8.541690663,Yes
LP002190,Male,Yes,1,Graduate,No,6325,0,175,360,1,Semiurban,5.164785974,6325,8.752265314,No
LP002191,Male,Yes,0,Graduate,No,19730,5266,570,360,1,Rural,6.345636361,24996,10.12647109,Yes
LP002194,Female,No,0,Graduate,Yes,15759,0,55,360,1,Semiurban,4.007333185,15759,9.66516691,Yes
LP002197,Male,Yes,2,Graduate,No,5185,0,155,360,1,Semiurban,5.043425117,5185,8.553525121,No
LP002201,Male,Yes,2,Graduate,Yes,9323,7873,380,300,1,Rural,5.940171253,17196,9.752432078,No
LP002205,Male,No,1,Graduate,No,3062,1987,111,180,0,Urban,4.709530201,5049,8.526945483,Yes
LP002209,Female,No,0,Graduate,No,2764,1459,110,360,1,Urban,4.700480366,4223,8.348301055,No
LP002211,Male,Yes,0,Graduate,No,4817,923,120,180,1,Urban,4.787491743,5740,8.655214489,No
LP002219,Male,Yes,3+,Graduate,No,8750,4996,130,360,1,Rural,4.86753445,13746,9.528503152,No
LP002223,Male,Yes,0,Graduate,No,4310,0,130,360,1,Semiurban,4.86753445,4310,8.368693183,No
LP002224,Male,No,0,Graduate,No,3069,0,71,480,1,Urban,4.262679877,3069,8.029107055,Yes
LP002225,Male,Yes,2,Graduate,No,5391,0,130,360,1,Urban,4.86753445,5391,8.592486175,No
LP002226,Male,Yes,0,Graduate,No,3333,2500,128,360,1,Semiurban,4.852030264,5833,8.671286727,No
LP002229,Male,No,0,Graduate,No,5941,4232,296,360,1,Semiurban,5.690359454,10173,9.227492431,No
LP002231,Female,No,0,Graduate,No,6000,0,156,360,1,Urban,5.049856007,6000,8.699514748,No
LP002234,Male,No,0,Graduate,Yes,7167,0,128,360,1,Urban,4.852030264,7167,8.877242436,No
LP002236,Male,Yes,2,Graduate,No,4566,0,100,360,1,Urban,4.605170186,4566,8.426392827,Yes
LP002237,Male,No,1,Graduate,No,3667,0,113,180,1,Urban,4.727387819,3667,8.207129168,No
LP002239,Male,No,0,Not Graduate,No,2346,1600,132,360,1,Semiurban,4.882801923,3946,8.280457687,No
LP002243,Male,Yes,0,Not Graduate,No,3010,3136,146.4121622,360,0,Urban,4.986425673,6146,8.723556743,Yes
LP002244,Male,Yes,0,Graduate,No,2333,2417,136,360,1,Urban,4.912654886,4750,8.465899897,No
LP002250,Male,Yes,0,Graduate,No,5488,0,125,360,1,Rural,4.828313737,5488,8.610319169,No
LP002255,Male,No,3+,Graduate,No,9167,0,185,360,1,Rural,5.220355825,9167,9.123365358,No
LP002262,Male,Yes,3+,Graduate,No,9504,0,275,360,1,Rural,5.616771098,9504,9.159468042,No
LP002263,Male,Yes,0,Graduate,No,2583,2115,120,360,1,Urban,4.787491743,4698,8.454892165,No
LP002265,Male,Yes,2,Not Graduate,No,1993,1625,113,180,1,Semiurban,4.727387819,3618,8.193676666,No
LP002266,Male,Yes,2,Graduate,No,3100,1400,113,360,1,Urban,4.727387819,4500,8.411832676,No
LP002272,Male,Yes,2,Graduate,No,3276,484,135,360,1,Semiurban,4.905274778,3760,8.232174236,No
LP002277,Female,No,0,Graduate,No,3180,0,71,360,0,Urban,4.262679877,3180,8.064636476,Yes
LP002281,Male,Yes,0,Graduate,No,3033,1459,95,360,1,Urban,4.553876892,4492,8.410053316,No
LP002284,Male,No,0,Not Graduate,No,3902,1666,109,360,1,Rural,4.691347882,5568,8.624791202,No
LP002287,Female,No,0,Graduate,No,1500,1800,103,360,0,Semiurban,4.634728988,3300,8.101677747,Yes
LP002288,Male,Yes,2,Not Graduate,No,2889,0,45,180,0,Urban,3.80666249,2889,7.9686657,Yes
LP002296,Male,No,0,Not Graduate,No,2755,0,65,300,1,Rural,4.17438727,2755,7.921172722,Yes
LP002297,Male,No,0,Graduate,No,2500,20000,103,360,1,Semiurban,4.634728988,22500,10.02127059,Yes
LP002300,Female,No,0,Not Graduate,No,1963,0,53,360,1,Semiurban,3.970291914,1963,7.582229194,No
LP002301,Female,No,0,Graduate,Yes,7441,0,194,360,1,Rural,5.267858159,7441,8.914760527,Yes
LP002305,Female,No,0,Graduate,No,4547,0,115,360,1,Semiurban,4.744932128,4547,8.422222954,No
LP002308,Male,Yes,0,Not Graduate,No,2167,2400,115,360,1,Urban,4.744932128,4567,8.426611813,No
LP002314,Female,No,0,Not Graduate,No,2213,0,66,360,1,Rural,4.189654742,2213,7.70210434,No
LP002315,Male,Yes,1,Graduate,No,8300,0,152,300,0,Semiurban,5.023880521,8300,9.024010794,Yes
LP002317,Male,Yes,3+,Graduate,No,81000,0,360,360,0,Rural,5.886104031,81000,11.30220443,Yes
LP002318,Female,No,1,Not Graduate,Yes,3867,0,62,360,1,Semiurban,4.127134385,3867,8.260234292,Yes
LP002319,Male,Yes,0,Graduate,No,6256,0,160,360,1,Urban,5.075173815,6256,8.741296282,No
LP002328,Male,Yes,0,Not Graduate,No,6096,0,218,360,0,Rural,5.384495063,6096,8.715388097,Yes
LP002332,Male,Yes,0,Not Graduate,No,2253,2033,110,360,1,Rural,4.700480366,4286,8.363109176,No
LP002335,Female,Yes,0,Not Graduate,No,2149,3237,178,360,0,Semiurban,5.18178355,5386,8.591558273,Yes
LP002337,Female,No,0,Graduate,No,2995,0,60,360,1,Urban,4.094344562,2995,8.004699511,No
LP002341,Female,No,1,Graduate,No,2600,0,160,360,1,Urban,5.075173815,2600,7.863266724,Yes
LP002342,Male,Yes,2,Graduate,Yes,1600,20000,239,360,1,Urban,5.476463552,21600,9.980448594,Yes
LP002345,Male,Yes,0,Graduate,No,1025,2773,112,360,1,Rural,4.718498871,3798,8.242229891,No
LP002347,Male,Yes,0,Graduate,No,3246,1417,138,360,1,Semiurban,4.927253685,4663,8.447414297,No
LP002348,Male,Yes,0,Graduate,No,5829,0,138,360,1,Rural,4.927253685,5829,8.670600738,No
LP002357,Female,No,0,Not Graduate,No,2720,0,80,360,0,Urban,4.382026635,2720,7.908387159,Yes
LP002361,Male,Yes,0,Graduate,No,1820,1719,100,360,1,Urban,4.605170186,3539,8.17159948,No
LP002362,Male,Yes,1,Graduate,No,7250,1667,110,360,0,Urban,4.700480366,8917,9.095714846,Yes
LP002364,Male,Yes,0,Graduate,No,14880,0,96,360,1,Semiurban,4.564348191,14880,9.607773308,No
LP002366,Male,Yes,0,Graduate,No,2666,4300,121,360,1,Rural,4.795790546,6966,8.848796451,No
LP002367,Female,No,1,Not Graduate,No,4606,0,81,360,1,Rural,4.394449155,4606,8.43511508,Yes
LP002368,Male,Yes,2,Graduate,No,5935,0,133,360,1,Semiurban,4.890349128,5935,8.688622307,No
LP002369,Male,Yes,0,Graduate,No,2920,16.12000084,87,360,1,Rural,4.465908119,2936.120001,7.984844261,No
LP002370,Male,No,0,Not Graduate,No,2717,0,60,180,1,Urban,4.094344562,2717,7.907283609,No
LP002377,Female,No,1,Graduate,Yes,8624,0,150,360,1,Semiurban,5.010635294,8624,9.062304293,No
LP002379,Male,No,0,Graduate,No,6500,0,105,360,0,Rural,4.65396035,6500,8.779557456,Yes
LP002386,Male,No,0,Graduate,No,12876,0,405,360,1,Semiurban,6.003887067,12876,9.463120392,No
LP002387,Male,Yes,0,Graduate,No,2425,2340,143,360,1,Semiurban,4.96284463,4765,8.469052816,No
LP002390,Male,No,0,Graduate,No,3750,0,100,360,1,Urban,4.605170186,3750,8.229511119,No
LP002393,Female,Yes,0,Graduate,No,10047,0,146.4121622,240,1,Semiurban,4.986425673,10047,9.215029361,No
LP002398,Male,No,0,Graduate,No,1926,1851,50,360,1,Semiurban,3.912023005,3777,8.236685323,No
LP002401,Male,Yes,0,Graduate,No,2213,1125,146.4121622,360,1,Urban,4.986425673,3338,8.113127104,No
LP002403,Male,No,0,Graduate,Yes,10416,0,187,360,0,Urban,5.231108617,10416,9.251098364,Yes
LP002407,Female,Yes,0,Not Graduate,Yes,7142,0,138,360,1,Rural,4.927253685,7142,8.873748128,No
LP002408,Male,No,0,Graduate,No,3660,5064,187,360,1,Semiurban,5.231108617,8724,9.073833127,No
LP002409,Male,Yes,0,Graduate,No,7901,1833,180,360,1,Rural,5.192956851,9734,9.18338019,No
LP002418,Male,No,3+,Not Graduate,No,4707,1993,148,360,1,Semiurban,4.997212274,6700,8.809862805,No
LP002422,Male,No,1,Graduate,No,37719,0,152,360,1,Semiurban,5.023880521,37719,10.53791923,No
LP002424,Male,Yes,0,Graduate,No,7333,8333,175,300,1,Rural,5.164785974,15666,9.659248038,No
LP002429,Male,Yes,1,Graduate,Yes,3466,1210,130,360,1,Rural,4.86753445,4676,8.450198323,No
LP002434,Male,Yes,2,Not Graduate,No,4652,0,110,360,1,Rural,4.700480366,4652,8.445052514,No
LP002435,Male,Yes,0,Graduate,No,3539,1376,55,360,1,Rural,4.007333185,4915,8.500047033,Yes
LP002443,Male,Yes,2,Graduate,No,3340,1710,150,360,0,Rural,5.010635294,5050,8.527143522,Yes
LP002444,Male,No,1,Not Graduate,Yes,2769,1542,190,360,1,Semiurban,5.247024072,4311,8.368925175,Yes
LP002446,Male,Yes,2,Not Graduate,No,2309,1255,125,360,0,Rural,4.828313737,3564,8.178638789,Yes
LP002447,Male,Yes,2,Not Graduate,No,1958,1456,60,300,1,Urban,4.094344562,3414,8.135639903,No
LP002448,Male,Yes,0,Graduate,No,3948,1733,149,360,0,Rural,5.003946306,5681,8.644882553,Yes
LP002449,Male,Yes,0,Graduate,No,2483,2466,90,180,0,Rural,4.49980967,4949,8.506940815,No
LP002453,Male,No,0,Graduate,Yes,7085,0,84,360,1,Semiurban,4.430816799,7085,8.865735152,No
LP002455,Male,Yes,2,Graduate,No,3859,0,96,360,1,Semiurban,4.564348191,3859,8.258163362,No
LP002459,Male,Yes,0,Graduate,No,4301,0,118,360,1,Urban,4.770684624,4301,8.366602833,No
LP002467,Male,Yes,0,Graduate,No,3708,2569,173,360,1,Urban,5.153291594,6277,8.744647438,Yes
LP002472,Male,No,2,Graduate,No,4354,0,136,360,1,Rural,4.912654886,4354,8.378850242,No
LP002473,Male,Yes,0,Graduate,No,8334,0,160,360,1,Semiurban,5.075173815,8334,9.028098812,Yes
LP002478,Male,Yes,0,Graduate,Yes,2083,4083,160,360,1,Semiurban,5.075173815,6166,8.726805608,No
LP002484,Male,Yes,3+,Graduate,No,7740,0,128,180,1,Urban,4.852030264,7740,8.954156967,No
LP002487,Male,Yes,0,Graduate,No,3015,2188,153,360,1,Rural,5.030437921,5203,8.556990661,No
LP002489,Female,No,1,Not Graduate,No,5191,0,132,360,1,Semiurban,4.882801923,5191,8.554681636,No
LP002493,Male,No,0,Graduate,No,4166,0,98,360,0,Semiurban,4.584967479,4166,8.334711622,Yes
LP002494,Male,No,0,Graduate,No,6000,0,140,360,1,Rural,4.941642423,6000,8.699514748,No
LP002500,Male,Yes,3+,Not Graduate,No,2947,1664,70,180,0,Urban,4.248495242,4611,8.436200032,Yes
LP002501,Male,Yes,0,Graduate,No,16692,0,110,360,1,Semiurban,4.700480366,16692,9.722684842,No
LP002502,Female,Yes,2,Not Graduate,No,210,2917,98,360,1,Semiurban,4.584967479,3127,8.047829357,Yes
LP002505,Male,Yes,0,Graduate,No,4333,2451,110,360,1,Urban,4.700480366,6784,8.822322177,Yes
LP002515,Male,Yes,1,Graduate,Yes,3450,2079,162,360,1,Semiurban,5.087596335,5529,8.617762246,No
LP002517,Male,Yes,1,Not Graduate,No,2653,1500,113,180,0,Rural,4.727387819,4153,8.331586244,Yes
LP002519,Male,Yes,3+,Graduate,No,4691,0,100,360,1,Semiurban,4.605170186,4691,8.453401058,No
LP002522,Female,No,0,Graduate,Yes,2500,0,93,360,1,Urban,4.532599493,2500,7.824046011,No
LP002524,Male,No,2,Graduate,No,5532,4648,162,360,1,Rural,5.087596335,10180,9.22818029,No
LP002527,Male,Yes,2,Graduate,Yes,16525,1014,150,360,1,Rural,5.010635294,17539,9.772182252,No
LP002529,Male,Yes,2,Graduate,No,6700,1750,230,300,1,Semiurban,5.438079309,8450,9.04192172,No
LP002530,Male,Yes,2,Graduate,No,2873,1872,132,360,0,Semiurban,4.882801923,4745,8.464846711,Yes
LP002531,Male,Yes,1,Graduate,Yes,16667,2250,86,360,1,Semiurban,4.454347296,18917,9.847816268,No
LP002533,Male,Yes,2,Graduate,No,2947,1603,146.4121622,360,1,Urban,4.986425673,4550,8.422882512,Yes
LP002534,Female,No,0,Not Graduate,No,4350,0,154,360,1,Rural,5.036952602,4350,8.377931124,No
LP002536,Male,Yes,3+,Not Graduate,No,3095,0,113,360,1,Rural,4.727387819,3095,8.037543185,No
LP002537,Male,Yes,0,Graduate,No,2083,3150,128,360,1,Semiurban,4.852030264,5233,8.562740006,No
LP002541,Male,Yes,0,Graduate,No,10833,0,234,360,1,Semiurban,5.455321115,10833,9.29035231,No
LP002543,Male,Yes,2,Graduate,No,8333,0,246,360,1,Semiurban,5.505331536,8333,9.027978814,No
LP002544,Male,Yes,1,Not Graduate,No,1958,2436,131,360,1,Rural,4.875197323,4394,8.387995253,No
LP002545,Male,No,2,Graduate,No,3547,0,80,360,0,Rural,4.382026635,3547,8.173857455,Yes
LP002547,Male,Yes,1,Graduate,No,18333,0,500,360,1,Urban,6.214608098,18333,9.816457994,Yes
LP002555,Male,Yes,2,Graduate,Yes,4583,2083,160,360,1,Semiurban,5.075173815,6666,8.804775259,No
LP002556,Male,No,0,Graduate,No,2435,0,75,360,1,Urban,4.317488114,2435,7.797702036,Yes
LP002560,Male,No,0,Not Graduate,No,2699,2785,96,360,1,Semiurban,4.564348191,5484,8.609590041,No
LP002562,Male,Yes,1,Not Graduate,No,5333,1131,186,360,1,Urban,5.225746674,6464,8.7740036,No
LP002571,Male,No,0,Not Graduate,No,3691,0,110,360,1,Rural,4.700480366,3691,8.213652703,No
LP002582,Female,No,0,Not Graduate,Yes,17263,0,225,360,1,Semiurban,5.416100402,17263,9.756320762,No
LP002585,Male,Yes,0,Graduate,No,3597,2157,119,360,0,Rural,4.779123493,5754,8.657650544,Yes
LP002586,Female,Yes,1,Graduate,No,3326,913,105,84,1,Semiurban,4.65396035,4239,8.352082671,No
LP002587,Male,Yes,0,Not Graduate,No,2600,1700,107,360,1,Rural,4.672828834,4300,8.366370302,No
LP002588,Male,Yes,0,Graduate,No,4625,2857,111,12,1,Urban,4.709530201,7482,8.920255415,No
LP002600,Male,Yes,1,Graduate,Yes,2895,0,95,360,1,Semiurban,4.553876892,2895,7.97074039,No
LP002602,Male,No,0,Graduate,No,6283,4416,209,360,0,Rural,5.342334252,10699,9.277905558,Yes
LP002603,Female,No,0,Graduate,No,645,3683,113,480,1,Rural,4.727387819,4328,8.372860821,Yes
LP002606,Female,No,0,Graduate,No,3159,0,100,360,1,Semiurban,4.605170186,3159,8.058010801,No
LP002615,Male,Yes,2,Graduate,No,4865,5624,208,360,1,Semiurban,5.33753808,10489,9.258082368,No
LP002618,Male,Yes,1,Not Graduate,No,4050,5302,138,360,1,Rural,4.927253685,9352,9.143345503,Yes
LP002619,Male,Yes,0,Not Graduate,No,3814,1483,124,300,1,Semiurban,4.820281566,5297,8.574895902,No
LP002622,Male,Yes,2,Graduate,No,3510,4416,243,360,1,Rural,5.493061443,7926,8.977903774,No
LP002624,Male,Yes,0,Graduate,No,20833,6667,480,360,1,Urban,6.173786104,27500,10.22194128,No
LP002625,Male,No,0,Graduate,No,3583,0,96,360,1,Urban,4.564348191,3583,8.183955717,No
LP002626,Male,Yes,0,Graduate,Yes,2479,3013,188,360,1,Urban,5.236441963,5492,8.611047767,No
LP002634,Female,No,1,Graduate,No,13262,0,40,360,1,Urban,3.688879454,13262,9.492658082,No
LP002637,Male,No,0,Not Graduate,No,3598,1287,100,360,1,Rural,4.605170186,4885,8.493924564,Yes
LP002640,Male,Yes,1,Graduate,No,6065,2004,250,360,1,Semiurban,5.521460918,8069,8.995784838,No
LP002643,Male,Yes,2,Graduate,No,3283,2035,148,360,1,Urban,4.997212274,5318,8.578852572,No
LP002648,Male,Yes,0,Graduate,No,2130,6666,70,180,1,Semiurban,4.248495242,8796,9.082052352,Yes
LP002652,Male,No,0,Graduate,No,5815,3666,311,360,1,Rural,5.739792912,9481,9.157045075,Yes
LP002659,Male,Yes,3+,Graduate,No,3466,3428,150,360,1,Rural,5.010635294,6894,8.838406747,No
LP002670,Female,Yes,2,Graduate,No,2031,1632,113,480,1,Semiurban,4.727387819,3663,8.206037763,No
LP002682,Male,Yes,0,Not Graduate,No,3074,1800,123,360,0,Semiurban,4.812184355,4874,8.491670234,Yes
LP002683,Male,No,0,Graduate,No,4683,1915,185,360,1,Semiurban,5.220355825,6598,8.794521852,Yes
LP002684,Female,No,0,Not Graduate,No,3400,0,95,360,1,Rural,4.553876892,3400,8.131530711,Yes
LP002689,Male,Yes,2,Not Graduate,No,2192,1742,45,360,1,Semiurban,3.80666249,3934,8.277411999,No
LP002690,Male,No,0,Graduate,No,2500,0,55,360,1,Semiurban,4.007333185,2500,7.824046011,No
LP002692,Male,Yes,3+,Graduate,Yes,5677,1424,100,360,1,Rural,4.605170186,7101,8.867990898,No
LP002693,Male,Yes,2,Graduate,Yes,7948,7166,480,360,1,Rural,6.173786104,15114,9.623376746,No
LP002697,Male,No,0,Graduate,No,4680,2087,146.4121622,360,1,Semiurban,4.986425673,6767,8.819813136,Yes
LP002699,Male,Yes,2,Graduate,Yes,17500,0,400,360,1,Rural,5.991464547,17500,9.76995616,No
LP002705,Male,Yes,0,Graduate,No,3775,0,110,360,1,Semiurban,4.700480366,3775,8.236155662,No
LP002706,Male,Yes,1,Not Graduate,No,5285,1430,161,360,0,Semiurban,5.081404365,6715,8.812099109,No
LP002714,Male,No,1,Not Graduate,No,2679,1302,94,360,1,Semiurban,4.543294782,3981,8.289288323,No
LP002716,Male,No,0,Not Graduate,No,6783,0,130,360,1,Semiurban,4.86753445,6783,8.822174761,No
LP002717,Male,Yes,0,Graduate,No,1025,5500,216,360,1,Rural,5.375278408,6525,8.783396232,No
LP002720,Male,Yes,3+,Graduate,No,4281,0,100,360,1,Urban,4.605170186,4281,8.361941906,No
LP002723,Male,No,2,Graduate,No,3588,0,110,360,0,Rural,4.700480366,3588,8.185350223,Yes
LP002729,Male,No,1,Graduate,No,11250,0,196,360,1,Semiurban,5.278114659,11250,9.328123408,Yes
LP002731,Female,No,0,Not Graduate,Yes,18165,0,125,360,1,Urban,4.828313737,18165,9.807251945,No
LP002732,Male,No,0,Not Graduate,No,2550,2042,126,360,1,Rural,4.836281907,4592,8.432070938,No
LP002734,Male,Yes,0,Graduate,No,6133,3906,324,360,1,Urban,5.780743516,10039,9.214232787,No
LP002738,Male,No,2,Graduate,No,3617,0,107,360,1,Semiurban,4.672828834,3617,8.193400232,No
LP002739,Male,Yes,0,Not Graduate,No,2917,536,66,360,1,Rural,4.189654742,3453,8.146998697,Yes
LP002740,Male,Yes,3+,Graduate,No,6417,0,157,180,1,Rural,5.056245805,6417,8.766705998,No
LP002741,Female,Yes,1,Graduate,No,4608,2845,140,180,1,Semiurban,4.941642423,7453,8.916371915,No
LP002743,Female,No,0,Graduate,No,2138,0,99,360,0,Semiurban,4.59511985,2138,7.667626092,Yes
LP002753,Female,No,1,Graduate,No,3652,0,95,360,1,Semiurban,4.553876892,3652,8.203030242,No
LP002755,Male,Yes,1,Not Graduate,No,2239,2524,128,360,1,Urban,4.852030264,4763,8.468633001,No
LP002757,Female,Yes,0,Not Graduate,No,3017,663,102,360,1,Semiurban,4.624972813,3680,8.210668031,No
LP002767,Male,Yes,0,Graduate,No,2768,1950,155,360,1,Rural,5.043425117,4718,8.45914026,No
LP002768,Male,No,0,Not Graduate,No,3358,0,80,36,1,Semiurban,4.382026635,3358,8.119100838,Yes
LP002772,Male,No,0,Graduate,No,2526,1783,145,360,1,Rural,4.976733742,4309,8.368461138,No
LP002776,Female,No,0,Graduate,No,5000,0,103,360,0,Semiurban,4.634728988,5000,8.517193191,Yes
LP002777,Male,Yes,0,Graduate,No,2785,2016,110,360,1,Rural,4.700480366,4801,8.476579509,No
LP002778,Male,Yes,2,Graduate,Yes,6633,0,146.4121622,360,0,Rural,4.986425673,6633,8.79981247,Yes
LP002784,Male,Yes,1,Not Graduate,No,2492,2375,146.4121622,360,1,Rural,4.986425673,4867,8.49023301,No
LP002785,Male,Yes,1,Graduate,No,3333,3250,158,360,1,Urban,5.062595033,6583,8.792245847,No
LP002788,Male,Yes,0,Not Graduate,No,2454,2333,181,360,0,Urban,5.198497031,4787,8.473659189,Yes
LP002789,Male,Yes,0,Graduate,No,3593,4266,132,180,0,Rural,4.882801923,7859,8.969414651,Yes
LP002792,Male,Yes,1,Graduate,No,5468,1032,26,360,1,Semiurban,3.258096538,6500,8.779557456,No
LP002794,Female,No,0,Graduate,No,2667,1625,84,360,1,Urban,4.430816799,4292,8.364508104,No
LP002795,Male,Yes,3+,Graduate,Yes,10139,0,260,360,1,Semiurban,5.560681631,10139,9.224144653,No
LP002798,Male,Yes,0,Graduate,No,3887,2669,162,360,1,Semiurban,5.087596335,6556,8.78813594,No
LP002804,Female,Yes,0,Graduate,No,4180,2306,182,360,1,Semiurban,5.204006687,6486,8.777401287,No
LP002807,Male,Yes,2,Not Graduate,No,3675,242,108,360,1,Semiurban,4.682131227,3917,8.273081334,No
LP002813,Female,Yes,1,Graduate,Yes,19484,0,600,360,1,Semiurban,6.396929655,19484,9.877348895,Yes
LP002820,Male,Yes,0,Graduate,No,5923,2054,211,360,1,Rural,5.351858133,7977,8.98431768,No
LP002821,Male,No,0,Not Graduate,Yes,5800,0,132,360,1,Semiurban,4.882801923,5800,8.665613197,No
LP002832,Male,Yes,2,Graduate,No,8799,0,258,360,0,Urban,5.552959585,8799,9.082393358,Yes
LP002833,Male,Yes,0,Not Graduate,No,4467,0,120,360,1,Rural,4.787491743,4467,8.404472321,No
LP002836,Male,No,0,Graduate,No,3333,0,70,360,1,Urban,4.248495242,3333,8.111628078,No
LP002837,Male,Yes,3+,Graduate,No,3400,2500,123,360,0,Rural,4.812184355,5900,8.68270763,Yes
LP002840,Female,No,0,Graduate,No,2378,0,9,360,1,Urban,2.197224577,2378,7.774015077,Yes
LP002841,Male,Yes,0,Graduate,No,3166,2064,104,360,0,Urban,4.644390899,5230,8.562166557,Yes
LP002842,Male,Yes,1,Graduate,No,3417,1750,186,360,1,Urban,5.225746674,5167,8.550047528,No
LP002847,Male,Yes,0,Graduate,No,5116,1451,165,360,0,Urban,5.105945474,6567,8.789812386,Yes
LP002855,Male,Yes,2,Graduate,No,16666,0,275,360,1,Urban,5.616771098,16666,9.721125995,No
LP002862,Male,Yes,2,Not Graduate,No,6125,1625,187,480,1,Semiurban,5.231108617,7750,8.955448122,Yes
LP002863,Male,Yes,3+,Graduate,No,6406,0,150,360,1,Semiurban,5.010635294,6406,8.76499033,Yes
LP002868,Male,Yes,2,Graduate,No,3159,461,108,84,1,Urban,4.682131227,3620,8.194229305,No
LP002872,Male,Yes,0,Graduate,No,3087,2210,136,360,0,Semiurban,4.912654886,5297,8.574895902,Yes
LP002874,Male,No,0,Graduate,No,3229,2739,110,360,1,Urban,4.700480366,5968,8.694167142,No
LP002877,Male,Yes,1,Graduate,No,1782,2232,107,360,1,Rural,4.672828834,4014,8.297543529,No
LP002888,Male,No,0,Graduate,No,3182,2917,161,360,1,Urban,5.081404365,6099,8.715880102,No
LP002892,Male,Yes,2,Graduate,No,6540,0,205,360,1,Semiurban,5.323009979,6540,8.785692444,No
LP002893,Male,No,0,Graduate,No,1836,33837,90,360,1,Urban,4.49980967,35673,10.48214938,Yes
LP002894,Female,Yes,0,Graduate,No,3166,0,36,360,1,Semiurban,3.583518938,3166,8.06022424,No
LP002898,Male,Yes,1,Graduate,No,1880,0,61,360,1,Rural,4.110873864,1880,7.539027056,Yes
LP002911,Male,Yes,1,Graduate,No,2787,1917,146,360,0,Rural,4.983606622,4704,8.45616849,Yes
LP002912,Male,Yes,1,Graduate,No,4283,3000,172,84,1,Rural,5.147494477,7283,8.893298144,Yes
LP002916,Male,Yes,0,Graduate,No,2297,1522,104,360,1,Urban,4.644390899,3819,8.247743887,No
LP002917,Female,No,0,Not Graduate,No,2165,0,70,360,1,Semiurban,4.248495242,2165,7.68017564,No
LP002925,Male,No,0,Graduate,No,4750,0,94,360,1,Semiurban,4.543294782,4750,8.465899897,No
LP002926,Male,Yes,2,Graduate,Yes,2726,0,106,360,0,Semiurban,4.663439094,2726,7.910590612,Yes
LP002928,Male,Yes,0,Graduate,No,3000,3416,56,180,1,Semiurban,4.025351691,6416,8.76655015,No
LP002931,Male,Yes,2,Graduate,Yes,6000,0,205,240,1,Semiurban,5.323009979,6000,8.699514748,Yes
LP002933,Male,No,3+,Graduate,Yes,9357,0,292,360,1,Semiurban,5.676753802,9357,9.143880005,No
LP002936,Male,Yes,0,Graduate,No,3859,3300,142,180,1,Rural,4.955827058,7159,8.876125585,No
LP002938,Male,Yes,0,Graduate,Yes,16120,0,260,360,1,Urban,5.560681631,16120,9.687816016,No
LP002940,Male,No,0,Not Graduate,No,3833,0,110,360,1,Rural,4.700480366,3833,8.251403065,No
LP002941,Male,Yes,2,Not Graduate,Yes,6383,1000,187,360,1,Rural,5.231108617,7383,8.906935339,Yes
LP002943,Male,No,0,Graduate,No,2987,0,88,360,0,Semiurban,4.477336814,2987,8.002024818,Yes
LP002945,Male,Yes,0,Graduate,Yes,9963,0,180,360,1,Rural,5.192956851,9963,9.20663351,No
LP002948,Male,Yes,2,Graduate,No,5780,0,192,360,1,Urban,5.257495372,5780,8.662158962,No
LP002949,Female,No,3+,Graduate,No,416,41667,350,180,1,Urban,5.857933154,42083,10.64739914,Yes
LP002950,Male,Yes,0,Not Graduate,No,2894,2792,155,360,1,Rural,5.043425117,5686,8.645762292,No
LP002953,Male,Yes,3+,Graduate,No,5703,0,128,360,1,Urban,4.852030264,5703,8.648747631,No
LP002958,Male,No,0,Graduate,No,3676,4301,172,360,1,Rural,5.147494477,7977,8.98431768,Yes
LP002959,Female,Yes,1,Graduate,No,12000,0,496,360,1,Semiurban,6.206575927,12000,9.392661929,No
LP002960,Male,Yes,0,Not Graduate,No,2400,3800,146.4121622,180,1,Urban,4.986425673,6200,8.732304571,Yes
LP002961,Male,Yes,1,Graduate,No,3400,2500,173,360,1,Semiurban,5.153291594,5900,8.68270763,No
LP002964,Male,Yes,2,Not Graduate,No,3987,1411,157,360,1,Rural,5.056245805,5398,8.593783794,No
LP002974,Male,Yes,0,Graduate,No,3232,1950,108,360,1,Rural,4.682131227,5182,8.552946361,No
LP002978,Female,No,0,Graduate,No,2900,0,71,360,1,Rural,4.262679877,2900,7.972466016,No
LP002979,Male,Yes,3+,Graduate,No,4106,0,40,180,1,Rural,3.688879454,4106,8.320204598,No
LP002983,Male,Yes,1,Graduate,No,8072,240,253,360,1,Urban,5.533389489,8312,9.025455533,No
LP002984,Male,Yes,2,Graduate,No,7583,0,187,360,1,Urban,5.231108617,7583,8.933664179,No
LP002990,Female,No,0,Graduate,Yes,4583,0,133,360,0,Semiurban,4.890349128,4583,8.430109085,Yes
